"","Y_success","Genotype","Spacing"
"1",1,"WT",5
"2",1,"WT",5
"3",1,"WT",5
"4",1,"WT",5
"5",1,"WT",5
"6",1,"WT",5
"7",1,"WT",5
"8",1,"WT",5
"9",1,"WT",5
"10",1,"WT",5
"11",1,"WT",5
"12",0,"WT",7
"13",0,"WT",7
"14",1,"WT",7
"15",1,"WT",7
"16",1,"WT",7
"17",1,"WT",7
"18",1,"WT",7
"19",1,"WT",7
"20",1,"WT",7
"21",1,"WT",7
"22",1,"WT",7
"23",1,"WT",7
"24",0,"WT",9
"25",1,"WT",9
"26",1,"WT",9
"27",1,"WT",9
"28",1,"WT",9
"29",1,"WT",9
"30",0,"WT",11
"31",1,"WT",11
"32",1,"WT",11
"33",1,"WT",11
"34",1,"WT",11
"35",1,"WT",11
"36",1,"MUT",5
"37",1,"MUT",5
"38",1,"MUT",5
"39",1,"MUT",5
"40",1,"MUT",5
"41",1,"MUT",5
"42",1,"MUT",5
"43",1,"MUT",5
"44",1,"MUT",5
"45",1,"MUT",5
"46",0,"MUT",5
"47",0,"MUT",5
"48",1,"MUT",7
"49",1,"MUT",7
"50",1,"MUT",7
"51",1,"MUT",7
"52",1,"MUT",7
"53",1,"MUT",7
"54",1,"MUT",7
"55",0,"MUT",7
"56",0,"MUT",7
"57",0,"MUT",7
"58",0,"MUT",7
"59",0,"MUT",7
"60",0,"MUT",7
"61",0,"MUT",7
"62",0,"MUT",7
"63",0,"MUT",7
"64",1,"MUT",9
"65",1,"MUT",9
"66",1,"MUT",9
"67",1,"MUT",9
"68",0,"MUT",9
"69",0,"MUT",9
"70",0,"MUT",9
"71",0,"MUT",9
"72",0,"MUT",9
"73",0,"MUT",9
"74",0,"MUT",9
"75",0,"MUT",9
"76",0,"MUT",9
"77",0,"MUT",9
"78",0,"MUT",9
"79",0,"MUT",9
"80",0,"MUT",9
"81",0,"MUT",9
"82",1,"MUT",11
"83",1,"MUT",11
"84",1,"MUT",11
"85",0,"MUT",11
"86",0,"MUT",11
"87",0,"MUT",11
"88",0,"MUT",11
